cliente_id,frecuencia_compra,monto_total,categoria_producto,edad_cliente,region,dias_desde_ultima_compra,satisfaccion,descuento_aplicado,productos_comprados
1,39,3499.959239,C,18,Sur,5,4,41.49106324,3
2,29,4986.414897,D,25,Norte,203,2,32.73626742,13
3,15,4488.220802,B,40,Oeste,238,2,20.56020336,3
4,43,2901.192168,A,20,Este,184,5,33.1681267,6
5,8,4591.108285,C,21,Norte,359,4,5.911120604,11
6,21,76.23503167,A,42,Norte,291,3,20.07488053,17
7,39,4876.582457,C,64,Sur,334,5,39.6564269,10
8,19,2479.206457,B,55,Este,219,2,11.02543936,12
9,23,3628.335678,C,32,Este,115,4,9.298075378,17
10,11,4113.264292,B,38,Este,312,5,47.540933,4
11,11,3606.363491,C,52,Sur,48,4,10.49488148,2
12,24,2698.431824,B,63,Sur,172,2,13.04592898,11
13,36,2409.266446,B,69,Sur,81,5,48.48079695,7
14,40,4200.983666,D,31,Sur,321,2,36.73542851,2
15,24,1065.133923,B,53,Sur,332,1,34.97982665,18
16,3,4841.570629,D,29,Oeste,44,2,42.64631919,4
17,22,3569.21477,B,34,Oeste,334,4,5.791154112,8
18,2,1037.55929,A,56,Este,19,3,35.29781183,14
19,24,3694.423559,B,26,Norte,220,2,25.18443047,12
20,44,2672.708115,A,52,Este,122,3,41.45753201,18
21,30,3550.788973,A,30,Norte,233,1,25.40708593,11
22,38,3850.508532,B,32,Sur,220,5,31.01206771,8
23,2,482.086389,A,35,Norte,322,5,23.88710632,2
24,21,2555.214584,D,68,Este,338,3,23.90794618,15
25,33,4663.470994,C,50,Este,2,5,38.3984989,9
26,12,1637.178851,B,23,Norte,181,2,31.42832003,19
27,22,2989.721333,A,44,Oeste,205,3,31.66316008,8
28,44,1877.690883,B,40,Sur,319,4,22.51412419,19
29,25,2298.626462,D,44,Sur,39,2,26.55547482,5
30,49,2765.585434,B,51,Este,58,2,37.28588331,11
31,27,2767.1638,B,63,Oeste,61,2,41.29704596,15
32,42,1048.565789,A,55,Norte,131,4,34.82807011,8
33,28,3438.629162,D,31,Sur,59,1,46.20364944,19
34,16,484.9471507,C,53,Oeste,330,5,41.01620441,8
35,15,737.1826285,C,25,Sur,121,3,28.09318949,19
36,47,63.4189521,A,52,Oeste,106,1,33.57030363,18
37,44,627.6455175,B,36,Oeste,95,3,46.31541385,10
38,3,2392.172695,A,47,Este,346,5,30.95840221,7
39,37,3050.204311,A,31,Sur,234,4,41.2403474,9
40,7,3981.732777,A,37,Norte,61,2,34.44052518,1
41,21,578.1612881,B,66,Este,255,2,27.59681805,19
42,9,4261.100927,D,42,Este,48,4,12.09190977,5
43,39,3742.573901,A,57,Norte,347,1,21.29987597,19
44,18,2072.16555,B,41,Este,158,1,48.38714124,1
45,4,4668.043432,D,31,Oeste,123,3,32.88826916,15
46,25,4955.100908,A,43,Oeste,316,4,28.21976902,16
47,14,1064.75896,C,55,Sur,206,1,46.64783128,7
48,9,1927.181496,D,40,Sur,47,4,29.32558905,12
49,26,4635.924647,A,39,Norte,135,5,26.30412592,8
50,2,3621.902926,D,65,Sur,200,2,37.96554276,5
51,20,288.0684876,D,36,Oeste,249,2,35.63328095,10
52,28,3918.496685,D,63,Norte,313,2,9.65800042,5
53,47,4148.307392,D,68,Norte,356,4,23.56541373,17
54,7,3764.984528,D,20,Sur,317,4,23.62577214,5
55,44,4007.708798,D,59,Oeste,294,3,18.91122576,15
56,8,4134.40675,A,36,Norte,313,2,25.86467411,13
57,47,972.7046846,C,26,Oeste,208,3,20.65536989,1
58,35,1216.674143,B,45,Oeste,354,2,9.967274474,11
59,14,3187.10489,D,37,Oeste,210,3,20.61832436,1
60,17,4543.937346,B,62,Sur,191,3,3.613847379,11
61,36,1615.173082,A,24,Este,43,5,28.78929314,18
62,40,2962.118045,D,31,Este,28,3,42.68272745,18
63,4,3430.761214,C,26,Norte,58,4,36.26435422,16
64,2,2287.145576,B,36,Oeste,70,3,18.019702,13
65,6,3583.223152,D,64,Sur,91,2,4.353560279,7
66,42,4503.353854,A,69,Oeste,264,3,10.10746996,1
67,4,3139.302644,C,31,Oeste,219,1,27.27451702,16
68,29,2721.916256,B,55,Sur,214,2,10.35285417,1
69,18,2221.786143,B,53,Este,276,1,27.19865556,17
70,26,2908.557041,D,57,Oeste,63,2,11.57995124,6
71,44,1809.044137,C,34,Oeste,345,4,42.44619347,2
72,34,1987.836445,C,47,Este,291,4,19.86357364,17
73,10,2682.694524,C,26,Sur,244,4,12.2775313,6
74,36,379.7646063,C,50,Norte,61,1,40.61630901,14
75,14,1183.675685,A,69,Este,331,5,17.14194824,18
76,31,2737.104088,C,42,Norte,169,2,5.574384392,6
77,48,2186.064309,B,31,Norte,268,4,28.52047457,10
78,15,1697.43814,B,28,Este,266,2,29.07821022,18
79,8,3666.218227,A,52,Oeste,53,1,35.73478376,9
80,14,3483.902157,B,58,Norte,15,5,12.01097166,8
81,23,875.317262,B,31,Norte,7,1,22.18856695,10
82,40,4399.214121,C,47,Sur,103,2,14.11839595,17
83,21,2502.346951,B,58,Oeste,58,5,4.047686806,6
84,16,3720.23151,A,21,Norte,312,5,43.83069135,14
85,45,2887.096704,C,21,Sur,39,1,36.44349022,6
86,18,4988.578449,D,45,Oeste,236,4,15.07315297,7
87,47,3774.395444,C,25,Este,93,2,29.96864964,12
88,24,3549.553283,A,19,Este,221,3,10.06318941,3
89,26,3903.931098,C,58,Sur,203,3,44.51183109,14
90,25,758.4835285,C,63,Este,137,1,5.745317168,19
91,45,1062.495736,A,39,Norte,299,2,0.191857275,16
92,41,3584.617207,C,58,Oeste,206,2,25.10040989,7
93,29,2495.208361,A,33,Norte,335,1,29.15639117,8
94,15,3785.444695,A,46,Norte,80,2,28.94826601,18
95,45,559.4343522,D,66,Este,217,4,2.725596372,13
96,1,2705.58269,B,65,Norte,1,1,15.70219035,9
97,25,1925.16675,B,47,Este,177,4,24.95994734,10
98,7,2312.151085,C,29,Oeste,345,2,10.82895928,9
99,9,3039.591467,C,52,Oeste,278,1,43.63129427,15
100,24,2536.32732,D,28,Norte,145,2,4.355464473,2
101,1,2722.310154,D,63,Sur,317,1,24.36922208,13
102,44,2457.469536,D,67,Este,223,2,34.57080288,2
103,8,2074.328127,A,38,Este,61,4,13.08755501,19
104,24,3870.815804,D,38,Norte,293,4,31.21203685,2
105,11,110.405208,D,22,Este,238,2,41.46925751,3
106,17,3012.291371,C,65,Este,194,1,9.516848755,6
107,8,2849.266319,D,37,Sur,165,3,45.86102959,3
108,35,3595.08642,A,54,Sur,221,4,27.67792663,10
109,35,3015.195356,A,20,Norte,60,4,14.96160022,6
110,33,4142.654198,C,61,Sur,128,3,21.54291377,16
111,5,4797.420233,D,50,Norte,172,2,15.60959419,17
112,42,1745.495073,D,26,Oeste,155,1,36.255558,19
113,39,1175.387366,A,26,Norte,109,2,39.81503317,3
114,41,2146.804469,D,21,Oeste,268,5,41.64686962,18
115,28,1475.251602,D,52,Norte,355,4,49.28841248,7
116,7,3094.003803,D,34,Este,277,5,39.56421462,9
117,9,4563.669424,B,51,Sur,73,4,30.06920353,12
118,8,738.625161,C,41,Oeste,206,4,16.96101492,5
119,12,548.9332849,B,49,Norte,278,5,27.22977244,3
120,34,1317.276883,C,18,Sur,325,5,2.05340864,11
121,33,3644.173151,A,25,Norte,339,2,37.24125378,4
122,48,2985.166381,D,62,Sur,356,5,22.29777725,5
123,23,555.9526879,C,40,Sur,339,2,1.001161487,1
124,24,4597.815085,B,64,Norte,203,2,3.125347076,18
125,37,3960.918954,D,57,Oeste,160,2,19.37332319,12
126,35,163.9618937,A,29,Oeste,27,4,29.17107595,13
127,44,3274.267694,C,29,Este,256,4,23.21019745,9
128,40,3867.671009,C,63,Sur,164,5,30.96021586,2
129,22,1903.45508,C,64,Este,62,4,24.01471294,5
130,27,391.1616199,D,32,Este,21,5,33.08519227,13
131,35,432.7392742,B,58,Norte,69,4,10.95630323,16
132,1,566.022482,B,36,Norte,95,1,5.642159359,16
133,35,4210.176178,C,43,Norte,162,1,29.82169773,3
134,37,4557.896681,A,69,Sur,78,5,24.23447585,4
135,47,657.9133701,A,46,Norte,4,4,1.343382702,11
136,14,1217.734871,B,39,Norte,315,4,19.02409427,14
137,3,869.3265263,A,57,Sur,119,2,5.306279275,3
138,1,972.2883535,B,38,Sur,301,3,26.56784159,16
139,5,4195.579406,C,68,Oeste,177,5,19.78888398,15
140,26,1694.124743,B,55,Norte,175,3,30.65759556,10
141,14,1591.649107,B,37,Norte,216,3,40.28011094,9
142,39,1175.608323,C,46,Norte,55,5,14.98343419,11
143,27,3059.077249,A,68,Oeste,186,4,48.10510521,16
144,9,1927.563207,B,21,Norte,231,5,26.78172503,10
145,15,3734.035777,B,24,Oeste,254,3,30.91453994,17
146,15,1067.620051,C,45,Este,103,4,34.03361866,19
147,26,3949.559949,A,45,Oeste,76,1,33.33657649,2
148,42,3038.421582,B,21,Este,229,5,25.54853715,2
149,13,615.6231353,C,39,Norte,257,5,21.43821456,6
150,32,2101.797692,B,29,Este,263,4,2.689098209,19
151,39,4324.414796,D,62,Oeste,330,1,1.104292265,8
152,49,4618.653147,C,20,Sur,181,1,17.89805973,3
153,32,2355.215605,A,39,Este,255,4,16.68304453,14
154,4,2430.143042,A,61,Este,37,2,19.38475774,16
155,30,4596.350888,A,19,Norte,175,5,6.918410044,1
156,37,2955.987709,A,41,Oeste,26,5,36.90841353,3
157,23,212.5910177,B,51,Este,275,3,42.84822074,18
158,39,4568.109841,B,44,Este,139,4,46.93573177,9
159,45,1278.720892,A,58,Este,298,3,24.61811518,6
160,15,2909.278173,A,18,Este,286,3,35.04328496,1
161,43,869.2909213,A,25,Sur,90,1,42.77755617,10
162,29,217.7018432,B,40,Oeste,60,5,20.91455555,6
163,36,1591.792197,A,55,Norte,364,3,15.47063974,12
164,13,3913.453752,A,23,Norte,346,1,46.83622779,4
165,32,1424.056505,D,39,Sur,162,4,25.78382755,13
166,7,1139.48121,D,42,Oeste,350,3,24.86269433,17
167,22,1102.769882,A,35,Este,142,5,8.920804828,8
168,28,2600.109728,C,34,Sur,252,3,5.407750729,3
169,2,4878.929513,A,29,Oeste,268,4,42.10534312,12
170,42,2321.995491,D,23,Este,290,3,30.70665881,7
171,45,2808.661576,C,43,Sur,186,5,16.2912292,12
172,6,4310.128489,C,44,Oeste,303,1,9.58681087,2
173,28,2698.595109,A,25,Norte,290,5,27.77486401,14
174,28,963.0912135,D,36,Norte,85,1,29.19596446,5
175,44,1532.999763,D,59,Oeste,165,2,10.34968006,9
176,44,1584.187785,C,18,Norte,113,5,42.57028739,11
177,20,2016.724672,A,46,Oeste,355,5,4.213218308,5
178,30,2162.605081,B,62,Este,182,4,17.80465426,3
179,11,4008.921009,B,66,Oeste,206,3,34.01922069,17
180,28,1779.465645,D,52,Este,255,1,13.70601819,2
181,25,2367.747551,B,57,Sur,234,1,41.38375974,1
182,39,3143.631136,D,31,Oeste,354,4,36.99339133,7
183,33,1919.74344,D,52,Sur,2,4,39.45114223,14
184,1,4190.995826,D,65,Norte,207,3,5.955326794,5
185,27,2957.895341,B,62,Este,196,3,7.0273564,19
186,13,1505.521162,D,37,Oeste,340,5,14.32368689,11
187,41,3584.593039,C,66,Sur,124,2,25.90385826,2
188,3,2661.856264,A,30,Este,137,3,37.40080383,8
189,39,2695.556662,A,55,Este,338,4,41.82654454,9
190,6,2431.385345,D,66,Norte,24,3,35.2167658,3
191,8,2510.209147,A,63,Norte,67,1,46.42984408,2
192,27,3838.513591,B,66,Este,60,2,36.93717548,7
193,9,559.7583227,B,25,Este,28,5,15.31339435,5
194,37,1705.095916,A,60,Oeste,18,1,13.25406422,5
195,33,423.7416508,B,37,Este,170,1,34.80962252,13
196,42,3778.568793,A,50,Oeste,73,2,9.643528434,6
197,44,1397.894181,A,43,Este,60,5,4.635740541,18
198,24,4492.280529,A,56,Norte,152,4,26.61114374,2
199,15,2656.56341,D,38,Oeste,275,5,41.08207849,6
200,32,4013.711369,A,66,Sur,47,3,5.068992123,9
201,32,4895.710606,D,59,Norte,210,1,39.59456619,3
202,24,4206.954854,A,60,Oeste,342,3,40.57860022,1
203,41,4341.619112,A,58,Oeste,138,4,24.1137,1
204,49,2069.523252,A,26,Sur,109,3,2.865515501,19
205,49,2781.026847,B,41,Oeste,182,5,8.729492562,5
206,12,1306.748392,D,54,Este,27,3,35.37131376,13
207,39,1020.759843,D,66,Sur,196,4,35.58889725,19
208,2,2552.264002,A,58,Norte,190,4,44.91776376,12
209,3,2995.49245,A,34,Norte,314,4,29.13430733,16
210,49,1729.392667,B,41,Este,50,5,6.205368386,19
211,37,2868.745413,B,38,Norte,148,4,6.070745275,3
212,49,4442.929388,B,68,Oeste,267,1,36.05661787,12
213,17,2805.771845,D,56,Oeste,49,4,9.189233255,5
214,49,3618.024827,D,58,Este,245,3,16.41927498,2
215,2,4036.309088,D,56,Norte,112,3,24.36060035,7
216,2,4944.207471,A,30,Norte,169,3,1.238243879,13
217,28,3035.827141,D,28,Este,165,5,12.44095135,15
218,23,4043.908237,C,63,Sur,13,3,20.39448043,3
219,37,4815.114127,C,36,Norte,202,5,13.98181592,5
220,32,4724.828142,B,28,Sur,287,5,6.818516373,8
221,33,748.3551514,D,30,Norte,188,4,36.40061289,1
222,1,2061.641926,C,63,Norte,154,1,40.65738276,8
223,19,1653.750802,B,62,Norte,54,4,12.87394881,18
224,2,480.278824,D,18,Norte,181,4,38.72097473,16
225,44,3184.541836,A,57,Oeste,209,5,19.27767822,18
226,26,3692.727835,C,61,Sur,74,5,25.33428954,12
227,32,4248.234073,A,36,Sur,276,3,42.80005374,13
228,6,657.7456038,D,29,Norte,132,3,37.49768409,13
229,32,4388.398176,C,25,Norte,342,4,40.25584257,10
230,4,3232.48154,D,25,Sur,58,2,6.842258329,7
231,11,3534.533369,A,62,Oeste,344,2,3.485971292,14
232,17,4557.588818,C,29,Este,181,3,44.67023645,16
233,38,3142.568292,A,65,Este,338,2,19.39171348,15
234,24,1712.535993,D,50,Sur,320,3,14.3939839,12
235,5,4134.281291,D,62,Norte,63,5,36.23481271,9
236,34,1847.1431,A,43,Norte,326,4,41.82077983,8
237,6,219.4291486,C,56,Oeste,259,1,43.12448109,18
238,22,4161.739807,A,45,Este,192,4,15.79985706,18
239,11,1758.701117,D,22,Oeste,142,3,42.61061956,13
240,48,3880.48089,A,25,Este,103,3,2.046697219,18
241,16,1845.651579,D,42,Sur,213,4,2.483074573,15
242,33,4312.286699,A,44,Este,241,3,31.17595976,4
243,9,1136.577099,C,63,Oeste,208,2,3.155318456,17
244,6,4874.008963,C,40,Oeste,92,2,16.23045843,5
245,16,3909.805935,A,47,Oeste,141,3,33.63779931,16
246,29,615.4777333,A,62,Sur,111,3,16.8633448,9
247,3,2850.594269,C,64,Este,58,2,8.979989072,10
248,20,4927.568196,D,40,Este,42,3,14.06753109,18
249,36,2381.773991,C,66,Oeste,206,3,22.87876661,17
250,19,951.4303372,D,64,Este,267,4,23.76929277,18
251,26,2449.652917,A,37,Norte,295,1,39.15001157,7
252,3,2586.665397,A,35,Norte,117,2,37.50766147,4
253,19,3721.350374,D,35,Norte,19,4,22.84089023,5
254,20,3509.286973,A,19,Este,221,1,42.28336745,16
255,32,2042.622716,D,21,Sur,165,3,5.71185693,3
256,7,1129.214382,B,47,Sur,130,3,12.76766751,18
257,41,3243.01813,C,50,Sur,155,4,41.39882318,14
258,33,2137.434476,B,53,Sur,183,3,18.89970193,15
259,40,704.7672451,D,35,Norte,89,5,49.05907794,17
260,39,4507.832891,C,54,Norte,93,4,23.31266408,1
261,18,3471.548195,D,36,Oeste,12,1,39.59678115,17
262,40,3431.760089,C,64,Este,321,4,20.11535207,11
263,1,4121.790186,C,45,Este,292,2,21.24767595,17
264,11,2671.825309,C,57,Sur,229,4,19.14415736,14
265,28,4084.519421,C,37,Norte,321,3,35.95378103,19
266,25,2515.54923,D,66,Sur,291,3,27.3758942,7
267,23,382.5182296,C,50,Oeste,25,5,47.18890557,13
268,31,2055.978036,C,29,Este,74,5,12.54451583,18
269,30,2512.451225,B,68,Este,363,5,5.028136604,14
270,42,3615.002779,A,32,Sur,298,1,19.66307425,1
271,35,577.5647141,A,58,Oeste,149,5,30.83563538,7
272,7,743.0917664,B,56,Este,147,1,43.03994685,8
273,16,1355.234823,B,19,Oeste,7,5,17.30984433,18
274,26,1369.167047,D,46,Oeste,28,1,32.68933756,9
275,48,3674.313663,D,58,Sur,295,4,17.50993405,1
276,49,1291.11677,D,27,Norte,208,4,30.86097915,17
277,2,3183.835414,B,19,Sur,127,3,44.24039735,19
278,1,2496.655558,B,68,Norte,339,1,11.56788211,6
279,48,2887.807172,C,28,Oeste,115,2,20.21208211,3
280,12,4198.629468,D,30,Norte,143,3,49.66325982,5
281,5,2051.688433,D,27,Oeste,317,4,43.42785141,2
282,37,3866.011316,D,31,Este,234,1,28.23199289,4
283,32,2139.078495,A,35,Este,6,5,25.83137959,10
284,9,1801.663314,C,68,Este,44,2,14.23001912,10
285,41,4795.204528,D,26,Sur,238,4,25.86047138,11
286,35,962.6360574,D,56,Sur,154,3,42.40907491,16
287,19,497.1679549,D,45,Oeste,180,1,34.25872566,17
288,48,3866.380331,A,20,Este,214,2,14.50220141,16
289,16,387.8360415,A,37,Sur,87,1,10.07319605,7
290,3,4193.541004,B,23,Este,255,5,13.26042685,16
291,20,2214.107312,C,44,Sur,72,3,8.48796007,3
292,24,4581.792703,B,19,Norte,178,1,4.782034801,16
293,33,3621.587663,C,46,Norte,211,4,20.95680872,8
294,24,3071.503102,A,55,Este,292,3,5.66498022,12
295,11,4749.068645,D,20,Oeste,233,4,8.595627886,3
296,49,2013.414397,B,33,Sur,238,1,27.36623422,17
297,8,4772.730336,D,47,Sur,222,3,8.229963685,18
298,36,718.2563232,B,57,Norte,118,4,3.193988372,11
299,38,2444.586963,A,19,Norte,312,5,15.8694425,4
300,40,1386.060551,A,34,Oeste,263,5,11.01595493,16
301,20,2722.221756,A,58,Oeste,206,1,25.7652594,17
302,35,851.9686956,B,29,Oeste,94,3,5.118354229,9
303,48,4215.571819,C,52,Este,221,2,37.58853938,6
304,25,4239.718854,B,60,Norte,275,3,45.31167597,2
305,35,4778.419748,C,18,Este,230,5,37.1717587,9
306,25,815.6270974,B,62,Norte,308,4,26.64135187,6
307,29,3135.496127,B,32,Norte,118,2,43.03339109,3
308,18,2397.474678,A,43,Sur,267,1,34.74591899,6
309,46,1754.699474,D,54,Norte,272,2,0.527556123,7
310,18,1790.123798,D,38,Norte,63,1,19.70450764,1
311,2,2093.328076,C,66,Este,297,2,42.54759497,1
312,35,3539.381471,D,48,Norte,349,1,17.2929429,5
313,16,3011.515988,B,42,Este,10,1,1.760758676,6
314,41,2325.423488,B,40,Oeste,97,2,37.30898193,13
315,36,425.8703813,A,41,Norte,70,2,40.10191351,2
316,33,434.9384532,A,55,Norte,363,1,8.029684752,15
317,4,61.5799836,D,45,Este,57,5,26.86702484,15
318,33,4840.111972,C,38,Oeste,289,2,9.59777195,13
319,14,76.00640186,D,60,Sur,250,3,35.96172095,14
320,21,560.3140428,D,35,Oeste,275,4,13.57752276,7
321,48,1607.252956,D,53,Este,49,1,15.81075613,14
322,20,4046.779746,D,52,Oeste,357,1,42.24854268,10
323,8,4812.38899,B,62,Este,215,4,23.81611761,17
324,7,3960.567116,C,26,Este,51,5,33.48772256,14
325,3,3468.273151,B,55,Sur,270,4,20.11865254,8
326,17,2630.438304,C,47,Norte,83,2,14.90034286,4
327,33,479.1907987,A,61,Este,292,4,31.27390302,16
328,48,4792.945425,D,51,Este,125,1,7.742878704,13
329,12,3804.042449,B,49,Sur,295,4,18.64999178,18
330,22,3212.799457,C,20,Este,71,3,10.45185187,14
331,22,3807.227435,A,20,Norte,295,2,34.78974835,18
332,46,3634.31148,A,45,Sur,235,4,47.21044192,5
333,30,3204.29632,D,61,Norte,55,1,49.7755484,9
334,38,4903.855161,C,32,Norte,359,2,22.51384052,3
335,38,4521.650873,B,58,Sur,109,1,12.62651948,8
336,45,3250.99135,D,40,Este,191,5,22.14146852,10
337,8,3481.217297,B,57,Norte,92,3,42.3634705,19
338,27,305.399243,A,28,Norte,349,5,10.30028393,3
339,27,3366.09145,B,65,Norte,55,3,47.60478258,11
340,34,268.6189167,B,49,Norte,59,4,17.09328844,11
341,21,2961.905597,D,53,Sur,137,2,49.29018297,17
342,30,4996.799823,B,50,Sur,38,4,41.93044438,16
343,33,2801.242578,D,41,Oeste,27,3,40.42852671,7
344,28,2392.390085,A,56,Oeste,48,3,15.89523369,4
345,47,1598.63154,D,51,Norte,124,3,0.438860597,19
346,33,646.586765,D,45,Este,12,1,19.10664544,12
347,5,3668.567174,C,54,Norte,35,2,15.09046848,15
348,48,1003.365188,B,24,Este,100,4,1.86984952,11
349,19,620.6460052,A,21,Norte,281,4,25.26826283,5
350,4,2137.725166,D,54,Oeste,85,5,20.15156556,5
351,35,3986.942098,A,18,Oeste,3,3,31.72782339,15
352,49,3738.069513,C,18,Este,222,3,31.05931611,18
353,17,321.6689425,B,64,Norte,337,3,6.037331795,11
354,44,2302.961241,D,37,Este,165,4,48.84827731,12
355,28,2636.051152,B,36,Oeste,343,5,9.346571472,2
356,30,3240.505921,C,46,Norte,277,1,22.26370124,15
357,29,3268.328385,C,27,Norte,129,2,24.40587717,4
358,46,1855.251385,A,35,Este,30,1,40.65313986,18
359,6,2825.35211,D,45,Sur,10,4,4.961479805,6
360,35,2431.256325,A,52,Este,301,3,21.43221396,19
361,41,4430.741865,C,60,Oeste,95,2,31.42510851,11
362,37,2674.812407,B,64,Oeste,189,4,10.75778108,2
363,24,2233.109201,A,48,Oeste,191,4,31.37339494,8
364,29,2052.202976,A,44,Oeste,265,4,46.18324188,11
365,49,2883.517409,B,28,Oeste,127,2,49.87590656,5
366,46,4029.686048,A,66,Sur,237,2,1.62255384,18
367,31,2715.087377,B,66,Norte,354,5,11.77941141,18
368,35,3325.193117,D,55,Este,111,5,15.51535579,14
369,33,3702.386046,B,22,Este,315,1,19.95630502,10
370,21,2624.832144,D,25,Oeste,342,2,12.11285788,3
371,32,2162.74443,B,51,Este,144,2,10.17439973,9
372,23,4389.49362,C,65,Oeste,64,2,47.72769212,3
373,33,2116.655116,C,69,Sur,246,5,45.92608014,11
374,3,2336.61711,D,29,Sur,222,4,2.34962505,12
375,18,4952.189501,D,55,Norte,312,3,16.94065108,12
376,25,51.1757417,C,18,Sur,105,5,20.25742768,3
377,42,968.0909024,D,48,Sur,180,2,11.95072673,7
378,31,1950.621255,B,21,Norte,183,5,31.44364485,14
379,3,4666.320052,B,66,Este,225,1,32.01903733,11
380,40,396.6470434,C,62,Oeste,264,2,42.52521142,7
381,46,96.95289646,A,67,Oeste,277,1,37.04346342,10
382,24,310.7849881,B,22,Este,88,2,27.12866635,11
383,32,488.2898825,D,47,Norte,175,5,32.6793385,15
384,47,236.1040274,A,41,Este,17,4,13.69943908,19
385,22,2424.917568,A,20,Sur,105,3,29.6528095,16
386,23,2924.748176,B,28,Norte,270,1,24.46136274,12
387,2,1394.850507,B,62,Norte,318,5,6.667223366,18
388,27,2021.522551,A,21,Norte,166,4,12.12721383,13
389,42,503.9117088,A,43,Oeste,12,5,14.58467254,5
390,2,1715.033796,C,44,Este,336,1,46.21547835,4
391,26,2636.469999,D,63,Norte,31,3,11.51933197,14
392,17,3674.745446,C,60,Norte,39,5,14.46219514,8
393,40,66.56449211,B,44,Norte,147,2,18.4677065,9
394,33,2363.188294,C,59,Este,217,4,33.18713693,19
395,9,1520.164238,C,68,Oeste,218,5,5.911919624,3
396,43,4271.468017,C,67,Sur,81,4,47.69726062,5
397,48,3591.98891,C,23,Oeste,332,2,43.278561,18
398,39,2966.087246,D,32,Norte,207,3,28.86080365,1
399,29,1422.464946,D,47,Oeste,200,3,33.70189337,8
400,42,4556.178555,A,59,Oeste,331,2,0.833023562,19
401,26,273.2483522,B,54,Sur,37,4,16.94723877,17
402,35,591.8646135,C,54,Este,210,5,39.78301153,17
403,25,1988.569196,A,59,Este,326,2,3.87414869,11
404,24,665.9659086,A,54,Oeste,248,1,14.11569171,2
405,13,4784.257703,A,52,Oeste,226,4,29.26484142,6
406,7,4000.047145,D,40,Este,47,3,12.82065138,14
407,36,1331.964125,C,23,Este,17,2,46.69889871,3
408,45,2963.343433,C,21,Sur,294,3,6.55293154,12
409,20,4912.53605,B,35,Norte,195,4,39.8697179,4
410,1,4426.784942,C,26,Oeste,186,3,25.3974346,12
411,8,3023.95231,C,66,Este,344,2,37.51653879,13
412,46,4523.433638,A,46,Oeste,223,4,15.53576642,2
413,16,4946.465304,B,30,Oeste,317,1,25.72448012,2
414,14,3729.596473,C,64,Este,364,2,42.84176749,15
415,12,371.6827269,D,69,Sur,336,5,23.34390496,17
416,23,2037.82217,C,34,Oeste,228,2,17.9859931,7
417,15,4197.23739,A,62,Sur,76,4,26.80776931,14
418,28,1191.317519,D,49,Este,187,2,35.86813765,12
419,34,4161.680463,A,65,Norte,345,1,22.17816727,17
420,2,645.6768721,C,39,Norte,269,1,46.94384876,14
421,32,282.3795179,D,21,Oeste,94,5,14.7472912,6
422,23,1951.248527,B,22,Este,309,3,23.77318031,19
423,22,231.8230903,B,54,Sur,131,4,37.84638297,6
424,25,4788.487802,D,58,Oeste,38,4,34.45605452,18
425,22,4139.718194,D,66,Este,71,3,43.18205262,5
426,22,4013.809951,A,30,Este,280,1,49.84045903,6
427,49,3167.400719,D,51,Sur,332,1,21.34291644,2
428,42,1120.803914,A,62,Oeste,159,2,5.557543989,8
429,6,2615.388815,C,39,Este,186,5,1.52079404,15
430,15,3006.506659,A,40,Este,190,5,36.34384531,15
431,43,2648.905929,D,68,Este,119,5,43.70068357,11
432,37,1338.155171,D,20,Sur,219,2,11.0356293,1
433,33,2600.477225,C,59,Oeste,52,5,7.922401859,18
434,8,2481.372387,D,51,Oeste,221,3,3.110254576,12
435,44,4981.86209,D,49,Oeste,130,2,41.13514609,12
436,44,4492.308933,B,62,Oeste,236,3,15.56909699,11
437,5,2343.734704,B,68,Norte,245,2,20.08484464,8
438,39,3133.540046,C,66,Norte,225,5,25.13750958,7
439,4,3751.96444,A,38,Oeste,207,3,41.97266171,2
440,6,222.5825432,B,63,Sur,95,3,32.54166108,11
441,45,4479.861134,A,61,Norte,199,3,30.75323149,10
442,32,4307.627741,D,38,Este,246,2,8.783604998,3
443,30,2314.288884,B,61,Norte,71,4,25.65949459,10
444,47,1986.290342,C,28,Este,317,5,35.76905086,18
445,35,1401.148906,C,56,Oeste,184,3,48.66304415,14
446,40,2409.5503,C,21,Norte,5,4,10.07031546,18
447,16,269.6644845,B,68,Sur,205,5,0.477167653,8
448,13,4268.35799,A,18,Norte,31,5,3.76507168,10
449,42,225.3407237,D,45,Norte,98,3,18.79262326,13
450,30,1678.804259,A,41,Norte,255,3,41.02723239,8
451,19,4661.367967,A,52,Oeste,186,2,0.357104088,4
452,17,3689.30264,D,30,Sur,75,4,22.83652964,4
453,19,1442.885255,D,64,Norte,176,4,16.46153077,5
454,28,1300.613015,B,51,Sur,314,3,2.624085505,1
455,26,75.1565921,B,28,Oeste,286,5,22.51181433,17
456,37,3493.78575,B,53,Este,348,3,12.73743537,2
457,26,291.4787293,B,68,Norte,254,5,17.59424172,8
458,23,2686.382471,B,34,Sur,324,5,35.28076524,7
459,9,4812.503764,D,52,Sur,189,3,26.0775492,15
460,12,591.8708573,A,35,Oeste,307,1,6.23237145,5
461,1,4477.675658,B,57,Norte,344,4,48.07072702,2
462,1,4957.802909,B,39,Este,126,5,31.79553829,7
463,47,354.5092799,A,41,Sur,286,5,38.29342128,8
464,34,4420.386032,B,36,Norte,253,1,3.9606575,7
465,32,2604.591151,A,54,Este,212,2,2.352918973,7
466,48,4537.242911,A,56,Sur,249,1,0.972402518,14
467,25,2878.028763,D,38,Sur,83,1,9.439701389,18
468,40,3327.45445,C,25,Este,12,5,20.72041989,6
469,45,2741.705595,D,45,Este,44,4,46.79130667,4
470,1,4329.239758,C,22,Oeste,126,1,22.85298296,10
471,16,3682.854099,C,34,Norte,113,2,14.51275527,18
472,39,2630.238545,C,54,Norte,275,3,28.09676268,12
473,5,4347.39598,B,53,Oeste,204,1,5.596728907,16
474,22,1264.163385,D,36,Sur,336,1,30.47529455,7
475,29,828.8362655,C,44,Este,272,2,28.42159772,6
476,3,843.9805214,A,51,Este,57,4,39.59965167,5
477,12,1703.34395,B,28,Este,327,1,49.33438058,3
478,26,1231.515655,D,62,Sur,218,1,12.54367359,12
479,16,4653.947235,C,64,Este,108,4,25.48282254,15
480,37,573.8787645,A,29,Este,278,2,45.44327032,10
481,22,3510.004153,D,38,Oeste,173,1,39.25949422,19
482,29,986.6466219,D,28,Sur,327,4,24.37031516,16
483,14,4414.103807,B,56,Norte,263,1,47.26858248,11
484,28,4808.510677,D,45,Oeste,314,3,2.861834676,8
485,5,2354.076543,B,22,Oeste,110,5,46.54993099,3
486,47,4401.403827,C,34,Norte,186,3,2.525369619,7
487,49,75.46859524,B,37,Oeste,268,1,27.36523721,7
488,30,4108.737241,A,58,Sur,228,2,44.5220474,14
489,46,1181.69455,B,63,Este,155,5,13.13604718,2
490,5,4548.071481,A,29,Sur,188,3,23.61242495,10
491,12,55.54455183,B,23,Norte,271,4,16.21644396,19
492,16,2803.099588,D,34,Norte,1,2,47.60719585,9
493,26,3795.347229,C,68,Oeste,245,3,41.18227974,16
494,26,1330.507237,A,36,Sur,209,4,35.45007557,19
495,48,1006.00768,B,43,Sur,285,1,29.38134933,18
496,21,466.2862111,B,65,Norte,358,4,41.02958947,9
497,39,1665.846204,B,61,Sur,12,3,19.61335208,16
498,36,2821.229346,D,61,Norte,95,3,22.37759276,13
499,33,623.4270911,D,69,Sur,220,1,36.50008605,10
500,30,1914.642042,A,49,Sur,237,4,17.88773816,14
501,37,94.90840303,A,23,Sur,93,4,3.195047102,12
502,23,4102.463131,D,53,Norte,337,1,3.716730444,19
503,10,685.8211546,A,55,Oeste,268,4,5.768140065,7
504,5,1452.547594,C,28,Sur,170,1,43.48406617,15
505,36,141.2172078,C,50,Norte,93,2,23.61132129,16
506,34,2189.59188,D,41,Norte,148,3,35.64411847,8
507,31,4208.601439,A,40,Sur,111,2,19.64546678,10
508,10,1991.148497,B,32,Sur,54,5,12.93554737,4
509,19,938.5117509,C,44,Oeste,336,5,17.35960838,19
510,32,3780.809229,D,28,Norte,115,5,39.70911727,19
511,1,3954.59456,A,68,Norte,142,1,31.26080625,15
512,5,910.0797028,D,67,Este,200,4,46.881989,14
513,45,3865.727837,B,34,Norte,179,2,33.98523893,1
514,4,4739.124547,C,68,Oeste,201,2,28.50908159,16
515,16,873.5690553,D,31,Este,363,2,30.50980045,10
516,24,3866.372248,D,44,Este,52,2,47.11857197,19
517,16,3557.431423,D,35,Este,179,5,39.41004649,3
518,2,2394.190748,B,45,Sur,312,2,1.202061868,5
519,49,336.7062798,D,68,Sur,307,4,26.70698481,9
520,28,419.7373679,B,64,Norte,136,5,34.41692058,18
521,32,4269.452563,B,64,Este,181,2,37.43492392,11
522,27,4951.234445,B,21,Oeste,0,1,10.65710597,16
523,20,3396.458673,C,24,Sur,43,3,43.35886772,2
524,24,2257.49362,C,62,Oeste,226,3,47.79215736,12
525,12,3255.489535,D,52,Oeste,330,3,11.83576529,6
526,35,2992.259503,D,65,Sur,97,5,44.13077288,11
527,33,1948.880689,C,26,Sur,207,2,4.848938126,8
528,33,374.8494156,A,25,Sur,264,5,2.785341806,12
529,43,4116.48909,C,69,Sur,287,4,6.461190005,2
530,37,1890.57597,B,62,Este,270,1,2.887053973,9
531,12,4102.988935,C,34,Este,139,1,42.25061186,15
532,3,1299.918311,B,34,Este,236,3,2.952507223,2
533,1,55.09592524,D,66,Este,71,3,13.58320957,1
534,33,836.7445022,A,50,Norte,154,3,5.187817177,10
535,40,2369.270113,D,49,Este,189,2,14.77110182,2
536,10,4724.302993,B,25,Sur,267,4,4.52797338,12
537,43,555.8584175,B,36,Oeste,320,4,33.40016254,8
538,44,4278.338384,B,55,Este,106,4,6.666340817,5
539,29,2658.769276,A,20,Norte,231,4,42.59229629,1
540,13,4138.307791,C,22,Sur,41,3,40.85955254,15
541,12,1526.953433,D,30,Oeste,189,1,0.683084274,6
542,31,4207.738465,D,64,Oeste,138,3,44.78631778,12
543,46,3875.472761,C,63,Este,102,4,1.447215837,8
544,2,1188.765731,D,48,Oeste,170,3,11.98228925,13
545,35,700.1088757,A,33,Este,350,4,1.619456889,19
546,23,4346.868897,D,67,Este,272,5,16.79217435,1
547,17,4818.021435,B,49,Sur,220,1,25.69332629,11
548,26,204.9464531,C,39,Sur,212,5,39.83224345,1
549,8,3669.786832,A,46,Norte,340,2,16.89907752,8
550,29,4552.146329,C,39,Sur,55,3,35.27450123,5
551,26,4293.932456,A,60,Sur,341,2,9.375222856,17
552,10,4824.376338,B,20,Este,101,3,37.52992284,8
553,26,3812.465688,C,27,Sur,191,5,11.7998303,10
554,34,2239.378874,D,59,Este,309,4,7.177237797,2
555,41,1594.162353,A,38,Este,199,4,9.270442519,9
556,7,1637.676565,C,33,Sur,232,3,9.103156444,3
557,4,3635.892229,D,29,Norte,226,4,25.64314397,18
558,45,3741.89321,C,19,Norte,138,5,42.23987906,7
559,11,1041.777761,C,58,Oeste,343,4,3.98025385,15
560,29,4347.207927,C,41,Oeste,304,5,35.34781592,18
561,36,3588.873999,A,52,Sur,148,2,32.71732298,3
562,25,2835.613917,D,47,Norte,114,5,43.62599759,14
563,21,2384.085678,B,47,Este,62,1,12.20737803,2
564,36,2739.002389,A,64,Oeste,103,1,22.50549293,14
565,10,838.2664045,A,52,Este,338,1,46.29136872,11
566,37,1058.321184,A,36,Oeste,358,3,32.99967251,16
567,9,501.2642275,B,67,Sur,155,3,19.43842064,8
568,24,810.6072889,D,25,Norte,272,3,6.570619143,7
569,35,2295.783491,D,43,Oeste,5,5,13.1242504,11
570,49,2675.254249,D,66,Norte,146,3,29.06077387,3
571,35,138.4163678,C,57,Este,183,2,35.90839738,17
572,48,3994.149248,C,24,Sur,27,1,6.221094343,14
573,36,1506.131468,C,47,Norte,37,5,29.979863,6
574,18,4563.588373,B,24,Sur,118,1,27.51756394,8
575,49,4839.180755,C,20,Norte,292,3,25.69777233,5
576,39,968.0214296,B,18,Este,243,5,34.50615588,8
577,32,2337.381589,D,53,Este,67,4,41.87247975,2
578,24,56.09758407,C,42,Sur,213,2,16.14948416,15
579,23,3011.719962,C,54,Este,217,3,44.45060951,12
580,32,3056.166919,A,18,Oeste,176,3,8.031680631,17
581,37,1275.32278,B,32,Norte,298,2,8.651193488,1
582,12,2814.142729,D,54,Este,163,2,13.33860318,15
583,49,1166.423705,A,30,Oeste,57,4,5.976543477,14
584,13,846.0860719,A,57,Sur,268,3,11.51596123,16
585,23,3275.021361,D,25,Oeste,307,3,5.320588145,9
586,25,1663.331047,A,22,Sur,57,1,41.08762085,1
587,35,2971.806497,B,26,Sur,287,5,6.948449594,17
588,41,2194.571407,B,18,Norte,104,5,37.36487788,13
589,30,4922.539467,C,53,Norte,227,1,2.395693396,5
590,17,790.4241812,A,52,Oeste,246,5,47.42601638,10
591,49,2349.763053,C,19,Norte,187,2,35.55800438,6
592,20,3418.2603,A,57,Norte,82,5,0.339827429,19
593,48,2007.948165,B,40,Norte,185,5,38.19282501,13
594,25,4874.764267,B,26,Oeste,251,1,25.70409604,1
595,22,3623.343758,B,51,Este,354,4,38.96825852,15
596,13,3302.070095,A,63,Norte,237,5,26.12484044,14
597,19,3797.443375,B,31,Norte,359,5,32.05124288,8
598,49,4765.610758,A,21,Oeste,183,4,39.31658277,10
599,36,4543.702332,C,47,Este,283,1,20.25540273,9
600,12,3635.212275,A,48,Norte,209,4,0.135407491,17
601,41,3758.350114,C,55,Sur,303,1,42.4973248,9
602,19,772.3142665,A,28,Oeste,295,2,19.04451813,3
603,12,558.8224022,C,52,Norte,96,1,24.8021363,11
604,9,2875.977284,B,25,Norte,207,2,0.388332108,12
605,7,140.9198029,C,20,Sur,136,2,24.60460052,10
606,28,2437.664089,B,31,Sur,183,1,49.32437008,17
607,14,1091.230421,B,30,Oeste,75,3,13.91338304,17
608,31,1762.78201,C,62,Oeste,286,1,19.77091351,11
609,19,3890.233442,A,49,Sur,141,5,34.35949982,4
610,47,4709.125646,A,51,Oeste,236,5,40.73968338,7
611,16,408.4605471,D,62,Sur,24,3,20.8695812,14
612,5,2694.49892,A,36,Norte,289,2,15.48344352,7
613,35,4418.540755,D,55,Sur,66,3,46.89129,8
614,12,458.4172455,A,33,Sur,249,5,33.85724833,1
615,25,4131.344532,A,19,Este,117,3,5.951065225,4
616,21,1821.116687,B,57,Sur,72,1,3.446393907,12
617,36,1644.368776,D,34,Sur,281,3,24.17749254,3
618,23,4888.458612,A,51,Este,359,2,11.0045033,13
619,16,1044.252495,D,59,Oeste,9,1,12.69923767,6
620,39,3481.310007,B,33,Este,210,4,43.88460894,11
621,45,4116.131604,B,55,Norte,322,5,4.478301216,4
622,42,253.8583016,D,19,Este,151,5,35.76820576,16
623,39,3368.408019,B,19,Norte,4,3,13.55711267,7
624,14,4760.172373,C,43,Oeste,194,1,38.01641107,11
625,31,664.8888353,C,30,Este,282,4,36.12056922,1
626,5,4486.295448,B,64,Este,112,1,0.369595072,7
627,35,2994.144355,C,48,Oeste,270,5,25.45677065,12
628,23,3102.19268,A,51,Norte,162,1,6.965974119,7
629,29,3084.073666,D,56,Este,104,4,43.31135153,7
630,43,1529.237637,A,20,Norte,180,3,43.57929414,10
631,11,4679.248986,D,25,Este,43,2,20.91729037,16
632,18,4739.38479,B,40,Sur,281,1,22.21978092,8
633,47,3145.258068,A,31,Este,174,2,15.16414697,9
634,12,3927.942493,B,44,Oeste,161,5,35.83031495,9
635,9,3080.67703,B,46,Oeste,350,3,17.93306815,2
636,10,2447.772315,D,56,Norte,339,3,13.38962373,13
637,44,3321.059586,D,56,Este,139,1,21.61155298,13
638,17,2787.35719,D,18,Norte,131,3,4.574375919,4
639,38,3007.50552,A,34,Norte,86,1,37.33016023,12
640,7,3929.971139,C,58,Sur,175,1,0.629820064,17
641,46,2430.473966,D,47,Sur,182,2,32.22425308,2
642,13,251.7328252,D,30,Oeste,128,3,9.143226338,13
643,40,861.7974309,A,38,Norte,245,1,11.62020231,18
644,42,2221.105722,D,36,Oeste,88,2,31.78159993,15
645,9,3637.891471,A,36,Este,65,4,49.64717329,8
646,27,2986.729309,B,42,Norte,157,2,38.88587445,15
647,2,3268.95622,D,39,Norte,148,2,11.29198161,1
648,5,2422.430696,D,48,Este,339,1,8.801237752,10
649,29,3097.923009,B,34,Este,115,5,43.31164351,12
650,37,1678.636317,B,40,Oeste,213,5,22.2091974,5
651,38,2377.403834,B,49,Oeste,293,5,6.852640141,9
652,19,3734.181375,D,27,Este,252,2,43.11057117,8
653,8,4365.572256,C,27,Oeste,142,1,40.80461765,16
654,48,2196.593903,C,53,Este,249,3,49.19531819,14
655,45,266.1252057,C,25,Norte,301,2,45.48718434,13
656,1,850.2790935,D,69,Norte,24,2,42.58951693,13
657,22,153.2626395,B,37,Sur,276,1,2.628719891,5
658,17,3283.651945,D,49,Norte,69,4,5.220768475,16
659,7,1694.957396,B,67,Este,112,2,28.44915972,11
660,25,2735.269247,D,31,Oeste,362,4,26.57396231,5
661,45,2491.720392,D,67,Sur,111,4,22.89816072,13
662,4,453.5561233,B,45,Oeste,363,5,19.83946627,11
663,36,2046.143738,C,63,Este,302,1,21.56052424,19
664,6,1141.777568,B,69,Norte,90,4,28.46489671,3
665,31,2121.078954,A,41,Sur,17,1,0.10382588,15
666,19,1057.712488,A,32,Este,148,5,13.03543871,7
667,44,4210.239411,B,39,Sur,226,1,25.91398603,7
668,39,912.2570161,D,47,Sur,213,2,36.11080493,6
669,27,4805.86373,A,21,Norte,359,4,8.70783462,3
670,10,2108.741462,A,30,Este,150,1,27.34405869,13
671,26,4238.914195,D,40,Oeste,191,3,35.72298419,7
672,19,3162.38585,D,25,Sur,39,1,22.2313829,5
673,39,3689.983978,C,35,Sur,241,4,1.354056684,18
674,3,3850.233246,D,29,Oeste,137,5,22.46340792,8
675,45,2548.982165,B,48,Este,344,5,14.82224439,17
676,13,2739.337591,B,31,Sur,179,4,46.48248039,1
677,28,2594.279546,C,51,Sur,199,2,6.230669284,14
678,20,2960.888972,A,35,Sur,202,2,32.62379778,17
679,28,195.5025065,A,51,Este,60,5,2.635988317,10
680,8,2007.800091,D,28,Este,191,5,22.30852189,12
681,41,3050.634132,B,58,Oeste,4,4,27.69897436,16
682,39,3008.731648,A,29,Este,236,2,14.89774657,14
683,1,3975.132668,C,66,Este,180,5,22.75378178,16
684,3,3292.296227,C,32,Norte,310,2,8.177689727,8
685,13,4961.059916,B,48,Oeste,36,5,15.20619247,10
686,28,1455.079917,C,66,Sur,55,1,31.05531625,17
687,49,1827.797597,C,46,Este,236,3,15.09000279,18
688,25,1950.043402,B,43,Sur,357,1,44.98715392,16
689,33,2355.773395,D,35,Sur,348,5,31.42034788,17
690,38,4188.190416,D,49,Norte,196,3,21.93245092,16
691,6,1217.170865,C,39,Este,72,3,1.937846778,19
692,44,3891.201025,D,55,Oeste,58,5,24.97741676,8
693,45,2056.285406,D,34,Este,239,5,38.23881211,6
694,32,3029.184149,C,40,Sur,1,2,13.2778799,6
695,45,3181.075639,D,41,Oeste,359,5,40.33867848,9
696,47,1895.600754,C,67,Este,187,4,12.5903383,4
697,21,2587.445266,A,25,Sur,306,5,41.1873194,12
698,16,2094.504315,B,58,Sur,29,4,4.263417081,12
699,21,392.2072916,B,23,Norte,266,5,43.30918544,17
700,11,2213.968675,D,22,Norte,107,2,24.95932255,15
701,37,532.0972931,D,61,Norte,331,4,14.82687948,9
702,36,2054.852955,D,46,Sur,89,1,13.25566252,7
703,35,2984.946079,B,45,Este,204,4,21.60052795,10
704,19,2918.103752,A,28,Norte,219,2,49.95247491,16
705,20,3329.975331,A,18,Este,93,4,11.01636967,12
706,18,521.5444644,B,60,Norte,102,5,5.160832444,7
707,47,3278.010065,A,36,Oeste,222,5,29.25175844,18
708,41,1595.132881,B,26,Oeste,185,2,24.42712332,15
709,49,2025.277433,A,44,Norte,183,3,26.20981355,6
710,14,4297.031957,C,51,Sur,161,5,33.34677088,12
711,15,94.70050044,C,61,Norte,246,1,13.35720349,11
712,31,2962.642535,B,21,Norte,30,2,45.53324977,3
713,1,3013.634201,A,53,Sur,51,4,21.78360331,2
714,3,2013.465893,D,35,Oeste,344,4,6.454309757,6
715,16,1223.287893,A,32,Este,75,1,37.11493784,5
716,23,1211.636489,C,68,Norte,277,5,32.15521763,18
717,11,4424.362865,C,30,Sur,39,2,15.78717012,16
718,12,2238.02065,A,36,Norte,100,1,31.0759362,8
719,10,1687.902347,A,66,Sur,110,5,10.99309782,11
720,32,2271.44899,D,23,Este,320,2,22.24196797,10
721,16,3363.482487,D,65,Este,248,4,44.97062611,12
722,8,771.4950128,A,29,Oeste,190,2,6.676711658,6
723,38,2274.697484,A,68,Sur,181,3,19.3348225,5
724,12,2960.027637,A,54,Sur,334,2,41.05712124,9
725,24,4745.487607,A,34,Oeste,208,3,48.47454497,16
726,28,1300.012521,B,40,Oeste,21,2,22.69630682,14
727,8,1828.291202,A,43,Sur,165,3,25.34998101,8
728,28,1927.82502,D,46,Oeste,98,4,28.60859809,19
729,36,3047.41388,C,50,Este,207,5,46.61740708,14
730,26,1815.823663,B,44,Norte,7,3,42.91033955,7
731,8,2690.88403,A,42,Este,189,3,8.530056231,5
732,28,3919.862133,C,27,Oeste,174,4,21.83789089,18
733,28,3541.658691,B,64,Sur,272,3,23.20002141,2
734,37,2259.5248,C,40,Sur,16,1,39.45480558,11
735,41,4327.870079,A,38,Este,89,4,30.14464413,8
736,36,2812.794235,A,38,Sur,140,1,32.7110231,1
737,27,2722.533906,D,60,Oeste,144,4,49.90999538,12
738,17,219.2294414,A,30,Este,165,3,3.748002174,2
739,9,4934.130253,A,54,Sur,336,1,11.15049118,18
740,33,658.7055022,B,50,Norte,77,3,20.39479687,7
741,20,1194.098017,D,41,Norte,261,4,17.38912015,17
742,13,305.8993443,B,61,Oeste,162,3,1.082278067,14
743,28,3218.014686,C,28,Sur,13,1,4.588880324,7
744,48,1162.270826,A,34,Oeste,238,1,34.04766457,3
745,29,941.0516655,C,21,Este,71,3,43.96622317,6
746,13,488.3501419,B,64,Norte,142,2,25.71135056,2
747,46,561.3793378,A,42,Este,309,4,26.95955398,17
748,35,2944.119967,A,47,Sur,282,4,12.75467164,12
749,6,3456.628936,B,26,Oeste,268,3,38.39381818,12
750,18,2017.025993,B,38,Oeste,240,2,37.58972937,17
751,5,2425.490554,B,37,Oeste,244,1,29.41828446,10
752,47,3445.540293,B,36,Este,162,5,10.63321433,3
753,25,136.0299614,B,36,Norte,59,5,4.850910912,18
754,2,1649.496752,A,29,Este,5,3,3.211928793,13
755,10,4866.833853,B,54,Este,196,2,29.63480333,12
756,30,2921.555537,A,59,Sur,57,2,41.25176596,17
757,45,1308.41167,A,34,Sur,304,4,42.91652159,4
758,5,2632.563731,B,54,Sur,216,1,23.18110372,10
759,33,1746.134766,B,65,Norte,25,2,39.21356497,11
760,1,2684.612695,D,56,Norte,302,5,47.34400982,6
761,18,672.4204834,A,45,Sur,4,1,13.75850562,6
762,32,706.9375364,B,58,Sur,19,1,19.89801732,9
763,47,760.5346921,B,52,Norte,197,3,46.57394963,15
764,49,4702.10797,B,64,Oeste,58,2,16.91154837,2
765,11,3677.849646,D,65,Norte,241,3,45.69381452,4
766,21,853.7903786,D,35,Norte,145,2,49.05224311,5
767,26,982.3279646,C,31,Norte,272,4,33.09053643,17
768,25,3667.605901,A,52,Sur,248,3,40.84451448,8
769,22,823.0110317,C,61,Oeste,13,3,37.47727821,8
770,27,1211.078402,B,58,Norte,12,5,34.97671288,12
771,49,4818.566822,D,24,Sur,43,3,15.34655365,8
772,13,1313.767297,D,58,Este,18,2,2.854716895,19
773,33,3325.080134,C,30,Este,62,5,17.15258663,3
774,34,4894.224873,D,35,Norte,238,3,33.34679926,18
775,41,1902.768997,B,54,Este,336,3,5.126459911,19
776,35,136.7041548,D,30,Oeste,99,4,0.595899149,19
777,1,1258.529088,C,53,Este,162,3,6.98461863,15
778,21,4162.842097,B,48,Este,121,1,35.78679632,6
779,48,4329.813738,C,19,Oeste,43,5,48.63968508,16
780,6,3854.170854,D,33,Norte,359,1,49.15323498,8
781,28,609.8936044,C,26,Norte,316,5,24.69895746,16
782,17,3987.77634,C,26,Oeste,144,4,43.46761505,18
783,5,4597.455095,A,55,Oeste,326,3,36.84132279,16
784,31,3023.017236,D,28,Oeste,362,3,25.05201185,11
785,5,4707.333014,D,39,Este,49,3,28.63802665,7
786,38,4142.852474,C,50,Oeste,64,5,6.861357331,17
787,3,3351.509009,A,53,Sur,354,3,46.88307303,17
788,23,2907.066922,D,62,Este,287,1,17.59648854,12
789,37,1775.439653,B,40,Norte,163,3,22.30746282,13
790,37,838.472854,C,62,Norte,140,4,33.58301155,10
791,10,3044.521917,D,62,Norte,313,1,16.69512358,7
792,10,1624.65219,B,51,Este,127,3,12.71295805,14
793,19,4338.871404,D,26,Sur,238,3,31.55246966,1
794,17,4967.01784,B,41,Oeste,323,2,1.249204114,17
795,21,3774.517425,C,25,Oeste,295,5,36.0362556,4
796,14,497.8843917,D,24,Norte,186,1,25.70116849,5
797,9,1478.993698,D,53,Norte,207,2,30.28768653,7
798,46,590.0926772,A,35,Este,219,4,31.59400796,10
799,1,3270.032657,C,20,Sur,189,5,26.35250782,17
800,45,3837.69478,B,45,Oeste,345,1,29.12668887,7
801,13,4632.090413,D,23,Este,283,3,34.18941004,1
802,4,2218.953115,D,61,Oeste,351,1,37.65594236,7
803,1,4511.809465,B,61,Norte,236,3,36.37261956,11
804,49,4395.561237,C,38,Oeste,193,5,43.48082289,9
805,40,1620.118798,A,45,Sur,286,3,9.472171658,12
806,32,4351.058096,A,57,Sur,258,4,20.05739847,3
807,34,1909.577647,D,18,Norte,245,3,47.3898033,4
808,28,1519.502909,B,53,Sur,135,4,19.82952872,4
809,31,3262.919561,D,38,Sur,279,5,6.243503845,13
810,8,1675.487078,B,60,Este,270,5,26.27225632,19
811,39,3169.533304,A,52,Oeste,170,1,5.474548628,10
812,26,3068.667437,C,30,Norte,158,4,10.14266194,5
813,34,2839.02269,B,66,Norte,200,4,49.91593783,7
814,3,1933.077536,A,27,Norte,44,2,27.06813192,16
815,12,2765.073622,D,61,Norte,263,2,14.20291945,1
816,1,3002.603101,B,64,Norte,70,2,49.73874773,12
817,44,2751.150098,C,27,Sur,363,3,48.32794593,2
818,5,2249.876291,D,63,Este,102,2,22.03695205,7
819,30,122.6019324,D,30,Norte,124,4,13.02015544,11
820,30,2955.955453,A,54,Este,312,3,41.9199819,13
821,17,883.7997065,B,55,Este,285,5,35.78103585,2
822,48,3230.751046,D,41,Sur,229,1,34.34707175,7
823,47,3808.754423,C,19,Norte,145,2,44.65568707,15
824,23,2527.20428,B,39,Sur,196,5,34.47085669,11
825,15,2734.700142,C,34,Norte,220,4,14.18989715,2
826,37,4759.81887,D,53,Sur,59,1,34.69315809,7
827,21,4243.478439,C,31,Este,97,5,15.29067556,4
828,14,4575.470754,A,27,Norte,170,1,37.96194898,11
829,2,4078.143127,C,52,Oeste,172,2,30.98739272,2
830,11,589.1457921,B,42,Este,150,4,3.870577599,16
831,39,787.5096871,C,20,Oeste,349,1,25.64176812,7
832,38,2656.787796,C,64,Este,121,5,17.16504846,13
833,34,1268.044811,A,55,Sur,107,2,16.42853164,5
834,38,2409.642601,C,34,Norte,3,2,30.11281512,17
835,34,2002.108353,C,29,Este,92,5,16.11624122,12
836,18,2769.60048,D,69,Sur,5,5,38.84468741,19
837,30,3747.034795,D,41,Norte,287,1,3.539571801,7
838,15,3591.67999,B,46,Norte,105,3,33.01941262,6
839,27,2630.108956,D,60,Este,145,2,40.45974018,8
840,34,4120.847423,D,42,Norte,270,1,33.6415845,13
841,38,2182.767353,D,53,Este,95,5,24.86145975,5
842,33,4488.735735,D,43,Norte,228,1,47.51535069,2
843,24,402.8373368,A,55,Oeste,201,5,14.99692449,9
844,15,4775.567149,D,18,Sur,211,4,0.958394376,11
845,30,3290.730753,A,37,Oeste,5,5,21.59946857,6
846,42,1931.368819,A,45,Este,111,5,1.650596795,7
847,17,1025.912927,D,33,Oeste,322,5,47.69683763,7
848,5,2421.956986,C,64,Este,105,3,10.49590229,19
849,29,1013.0637,A,34,Norte,138,5,39.4463512,6
850,4,873.3414583,C,57,Norte,298,2,38.72860416,11
851,10,3105.891199,C,45,Este,95,2,10.88644498,11
852,17,2639.269387,D,29,Oeste,336,1,31.06132652,7
853,10,3366.975371,B,44,Norte,296,3,2.403948424,2
854,17,4651.549093,D,59,Sur,213,1,24.17872929,19
855,20,2684.688056,B,64,Norte,290,2,0.732356364,4
856,24,2925.613664,B,47,Sur,21,2,46.05719401,6
857,5,493.6503788,D,58,Oeste,192,4,48.80430121,17
858,34,3602.29714,D,51,Sur,149,5,11.11413833,5
859,6,2029.530774,B,54,Sur,246,2,10.40530173,7
860,2,4884.789931,D,23,Sur,266,1,37.68600883,9
861,13,4124.711377,B,24,Sur,250,1,12.66896994,1
862,43,2636.281151,C,49,Norte,2,5,44.75382796,1
863,43,659.9521382,D,49,Sur,315,5,28.69645681,19
864,48,4304.108177,C,42,Norte,75,4,17.53888115,6
865,11,4008.916422,A,50,Sur,86,3,41.63468732,18
866,47,963.6963912,C,24,Este,269,1,24.67033502,10
867,23,1511.627532,C,69,Oeste,224,5,45.58164569,11
868,16,3977.365928,B,29,Sur,17,1,46.40071184,1
869,31,966.8808104,C,33,Este,112,5,8.271007606,1
870,11,4592.874821,D,33,Sur,250,2,0.116170307,13
871,16,2151.410755,B,60,Sur,232,1,49.19654701,5
872,8,480.8428648,A,53,Sur,328,2,45.30687681,1
873,4,4087.955785,D,30,Este,278,1,2.772261785,3
874,40,1898.872931,A,24,Oeste,201,3,41.6517132,18
875,4,2656.171011,C,53,Este,82,4,22.89024663,9
876,25,605.9065048,D,64,Oeste,124,2,12.94808025,14
877,3,62.79087348,D,68,Sur,174,5,43.93732618,17
878,32,3208.026769,A,26,Norte,68,3,9.83336162,14
879,3,2600.117093,D,49,Sur,46,1,47.36499997,4
880,27,2988.015917,D,28,Oeste,255,2,10.28107438,5
881,29,3979.032059,D,25,Este,214,1,30.68415939,17
882,32,3250.699271,C,50,Sur,29,1,11.15431673,2
883,19,915.128542,A,40,Este,280,1,27.28343325,5
884,21,1835.82397,D,42,Este,236,4,34.1987565,4
885,5,4534.160969,B,25,Este,247,4,9.511396541,4
886,18,3861.226266,B,62,Sur,24,5,26.04428914,6
887,28,2805.353437,B,39,Este,73,2,23.45298722,13
888,42,1315.442739,B,21,Este,205,3,3.55187107,5
889,22,1545.199484,C,57,Sur,313,3,40.91539088,7
890,21,3673.192435,D,20,Este,93,3,16.78412003,1
891,6,4263.312591,A,46,Sur,126,1,28.72910988,14
892,1,3373.552114,D,58,Oeste,24,4,25.73921175,4
893,5,4057.17338,C,46,Oeste,333,2,25.66302523,17
894,41,3844.947869,B,51,Oeste,354,1,5.36111971,14
895,12,791.0346414,C,51,Este,115,4,21.17410046,16
896,26,2148.526824,D,45,Norte,47,4,22.61833796,14
897,46,807.2698141,A,30,Norte,225,2,36.68214202,16
898,34,1214.416145,C,32,Este,265,2,42.0009416,8
899,49,4352.835142,A,40,Norte,98,2,27.24911391,3
900,14,2390.81523,C,61,Sur,10,1,4.339147703,19
901,26,2700.022604,A,43,Norte,84,5,11.84247353,1
902,45,933.3075279,A,21,Este,213,2,8.246701343,2
903,27,1595.745341,B,43,Este,172,5,6.230753159,15
904,9,1189.718534,A,57,Sur,208,1,18.29496493,10
905,26,1070.621514,B,26,Oeste,63,5,11.46967511,18
906,47,3207.905927,D,22,Este,257,3,10.91515559,14
907,22,1321.575046,D,49,Sur,331,5,2.734658729,17
908,47,3178.476656,B,37,Norte,120,2,0.88350224,13
909,30,339.3503398,B,67,Norte,297,1,5.138412132,1
910,43,751.783248,C,28,Sur,53,2,8.609873971,5
911,48,1408.974257,C,32,Sur,330,3,21.54918644,13
912,17,3005.382239,C,49,Este,271,2,25.52601306,14
913,26,3395.414163,D,45,Norte,240,2,7.029595909,3
914,36,2241.448986,C,39,Sur,242,2,21.23916708,15
915,1,2256.665027,A,58,Norte,17,4,17.08744212,19
916,8,3636.358414,A,34,Sur,186,3,9.171182175,17
917,49,128.3144042,C,43,Norte,345,2,0.342037407,3
918,35,1738.395621,A,61,Oeste,143,2,23.35089333,16
919,15,4102.599933,D,24,Este,261,2,34.28258746,14
920,47,3035.936081,A,59,Norte,363,1,11.31386671,12
921,22,1719.274307,D,43,Oeste,238,4,6.590341495,12
922,14,4532.347722,B,42,Norte,303,1,44.35213722,11
923,26,3874.482501,B,27,Norte,297,4,13.75123862,17
924,28,1361.232464,B,62,Oeste,75,2,11.18063099,8
925,23,3244.184696,B,36,Norte,187,3,42.85484698,17
926,14,2998.966105,A,28,Norte,332,5,40.85535496,11
927,24,2035.880174,C,30,Este,245,5,22.41732353,2
928,2,1866.432592,A,25,Oeste,129,2,24.46194307,10
929,45,1750.62435,D,57,Oeste,314,1,10.88743524,10
930,26,3104.921128,A,21,Sur,282,3,3.915083524,11
931,14,2239.929186,A,64,Norte,78,4,28.67159127,6
932,7,4167.722411,D,48,Este,71,2,4.91724608,4
933,3,3364.53295,B,45,Norte,262,3,22.46372735,12
934,47,396.1614483,B,28,Norte,190,3,47.02485993,11
935,23,3218.832708,B,60,Sur,62,4,47.64171946,13
936,46,1392.179811,C,18,Norte,11,3,11.96661433,5
937,43,2984.419359,D,66,Este,140,1,31.205671,6
938,47,3416.653059,D,64,Este,253,1,23.70381321,1
939,45,1192.604486,A,69,Sur,42,1,43.78425638,6
940,18,2311.450292,C,55,Norte,16,3,13.57154321,18
941,38,992.108071,B,41,Este,62,1,0.185120342,9
942,35,309.0774351,C,64,Norte,252,4,8.128060297,15
943,15,1923.458296,D,48,Norte,291,3,17.47614006,8
944,25,1846.574146,D,58,Norte,7,5,15.78605649,19
945,37,4977.628429,A,63,Sur,324,3,39.56814596,16
946,28,2259.444138,A,67,Norte,89,4,34.02803331,6
947,10,1701.16927,D,43,Este,207,5,14.97781598,6
948,39,2923.351283,B,66,Norte,291,3,22.88719086,3
949,17,489.3986008,B,67,Este,283,1,4.777955198,10
950,39,4810.245393,C,22,Norte,117,2,44.90732224,1
951,22,3193.052226,D,37,Este,348,2,46.77124122,14
952,26,3786.447209,D,69,Este,174,1,48.99017677,4
953,44,893.865794,B,58,Norte,75,2,43.42764154,12
954,25,2076.915372,B,28,Norte,100,2,8.698044385,6
955,17,2142.311111,D,50,Este,150,1,2.30982416,11
956,13,4117.941897,A,67,Oeste,269,1,28.97983637,12
957,20,56.12156481,D,55,Sur,70,3,45.63025134,10
958,25,1539.222886,D,44,Oeste,179,3,8.867568083,18
959,4,4907.120053,B,51,Oeste,123,1,0.352145731,7
960,10,2400.68839,B,32,Norte,292,4,40.2748023,7
961,3,1943.505087,A,49,Sur,284,2,3.839784214,11
962,41,643.15356,A,38,Oeste,194,3,20.6853016,4
963,45,4872.114912,C,63,Norte,227,2,33.94436686,1
964,18,149.1304618,D,22,Oeste,274,5,11.83987927,13
965,47,3699.042114,B,23,Oeste,105,1,4.198128172,18
966,36,3854.569034,A,55,Norte,20,4,38.50106142,9
967,47,1256.100745,C,39,Norte,63,5,31.50875424,9
968,22,3374.214296,C,35,Norte,164,5,49.42452422,9
969,34,509.9992647,B,31,Sur,26,5,17.21540167,10
970,47,1322.383969,B,27,Oeste,310,1,3.088119315,2
971,8,3950.114842,C,63,Norte,284,3,36.71750177,6
972,40,4330.196651,A,30,Este,147,1,26.08667094,15
973,49,3062.007743,C,48,Oeste,280,3,10.66019657,3
974,44,2558.850238,D,47,Este,325,5,39.08644945,11
975,19,838.5549021,D,20,Sur,318,5,10.18777429,6
976,42,362.3897137,B,47,Norte,163,4,13.03308274,3
977,41,632.3626909,A,23,Este,223,3,4.626427718,11
978,37,1175.418635,A,46,Sur,271,5,19.97161395,15
979,6,1741.288784,D,25,Norte,145,2,20.9464612,13
980,26,1935.502151,C,61,Este,355,4,25.72808952,10
981,34,1764.292755,B,62,Este,29,1,35.44821336,6
982,45,1233.323894,C,60,Sur,44,4,45.30504643,15
983,6,2573.135021,C,61,Norte,274,2,6.886704944,18
984,37,4135.166236,C,50,Norte,33,3,2.717404917,18
985,33,1434.532515,A,34,Este,140,1,0.92656168,7
986,22,4714.815745,D,65,Este,317,1,7.181068903,15
987,21,4373.016476,A,28,Este,220,3,32.89747429,18
988,6,850.7328462,D,30,Norte,355,4,36.3738539,18
989,6,3942.065986,B,67,Sur,21,5,39.32528568,9
990,48,2894.207542,B,28,Sur,179,4,12.1854106,2
991,4,2854.548043,C,48,Norte,328,2,15.29474066,8
992,30,1985.661677,D,45,Oeste,230,5,24.15673228,2
993,11,2530.707346,D,61,Sur,37,4,3.159154843,11
994,30,2016.034948,D,23,Este,69,3,30.55707616,7
995,31,2721.676463,C,58,Oeste,115,2,49.18675168,6
996,24,3158.352761,C,33,Oeste,238,2,18.04031557,10
997,9,3387.803842,B,21,Sur,334,2,37.64237375,5
998,3,2685.781903,A,52,Oeste,147,5,25.00169578,11
999,31,3621.039233,D,65,Oeste,8,1,6.390592218,1
1000,40,749.3263439,D,43,Sur,287,5,29.11187244,2
